source_id,source_name,lat,long,release_point_type,height,height_units,diameter,dimaeter_unit,exit_gas_flow_rate,exit_gas_flow_rate_unit,exit_gas_temperature,exit_gas_temperature_unit,sy,sz,utm_x,utm_y,GEOID10,COUNTYNAME,geometry
27001POTW04,Tamarack WWTP,46.6481819746843,-93.12525426,VERTICAL,25.93133651,FT,2.119230747,FT,64.03131081,FT3/SEC,126.0547383,FALSE,NA,NA,490415.14688808785,5166076.674032563,270017704002,Aitkin,"c(490415.146888088, 5166076.67403256)"
27005POTW01,Detroit Lakes WWTP,46.81147286,-95.86483229,VERTICAL,25.93133651,FT,2.119230747,FT,64.03131081,FT3/SEC,126.0547383,FALSE,NA,NA,281440.2036823843,5188199.626058561,270054506001,Becker,"c(281440.203682384, 5188199.62605856)"
27021POTW03,East Gull Lake WWTP,46.4130224074561,-94.34858343,VERTICAL,25.93133651,FT,2.119230747,FT,64.03131081,FT3/SEC,126.0547383,FALSE,NA,NA,396356.2178167158,5140822.354267843,270219608011,Cass,"c(396356.217816716, 5140822.35426784)"
27023POTW01,Montevideo WWTP,44.9397599,-95.7289978,VERTICAL,25.93133651,FT,2.119230747,FT,64.03131081,FT3/SEC,126.0547383,FALSE,NA,NA,284687.688240686,4979881.894275509,270239506001,Chippewa,"c(284687.688240686, 4979881.89427551)"
27025POTW2,Chisago Lakes Joint STC,45.40773137,-92.87411215,VERTICAL,25.93133651,FT,2.119230747,FT,64.03131081,FT3/SEC,126.0547383,FALSE,NA,NA,509851.26622499747,5028253.517835944,270251106001,Chisago,"c(509851.266224997, 5028253.51783594)"
27019POTW02,Cologne WWTP,44.7724236,-93.7927778,VERTICAL,25.93133651,FT,2.119230747,FT,64.03131081,FT3/SEC,126.0547383,FALSE,NA,NA,437270.1138937626,4957975.713821504,270190912022,Carver,"c(437270.113893763, 4957975.7138215)"
27001POTW03,Palisade WWTP,46.7108116447244,-93.49440536,VERTICAL,25.93133651,FT,2.119230747,FT,64.03131081,FT3/SEC,126.0547383,FALSE,NA,NA,462210.24993775244,5173147.153871003,270017702002,Aitkin,"c(462210.249937752, 5173147.153871)"
27021POTW05,Federal Dam WWTP,47.24615566,-94.20901068,VERTICAL,25.93133651,FT,2.119230747,FT,64.03131081,FT3/SEC,126.0547383,FALSE,NA,NA,408507.7880818074,5233227.933643402,270219601001,Cass,"c(408507.788081807, 5233227.9336434)"
27025POTW03,Harris WWTP,45.5812065,-92.9723707,VERTICAL,25.93133651,FT,2.119230747,FT,64.03131081,FT3/SEC,126.0547383,FALSE,NA,NA,502155.48361762683,5047518.74593197,270251102003,Chisago,"c(502155.483617627, 5047518.74593197)"
27013POTW01,Amboy WWTP,43.8880803,-94.1484626,VERTICAL,25.93133651,FT,2.119230747,FT,64.03131081,FT3/SEC,126.0547383,FALSE,NA,NA,407749.87345067237,4860083.279597456,270131715002,Blue Earth,"c(407749.873450672, 4860083.27959746)"
27019POTW06,Mayer WWTP,44.88478539,-93.91393956,VERTICAL,25.93133651,FT,2.119230747,FT,64.03131081,FT3/SEC,126.0547383,FALSE,NA,NA,427823.3503632765,4970557.893870385,270190902002,Carver,"c(427823.350363276, 4970557.89387039)"
27013POTW03,Mankato Water Resource Recovery Facility,44.1825772,-93.9996688,VERTICAL,25.93133651,FT,2.119230747,FT,64.03131081,FT3/SEC,126.0547383,FALSE,NA,NA,420098.5053865599,4892637.439316932,270131703001,Blue Earth,"c(420098.50538656, 4892637.43931693)"
27021POTW01,Pine River Area Sanitary District,46.7127499,-94.3961433,VERTICAL,25.93133651,FT,2.119230747,FT,64.03131081,FT3/SEC,126.0547383,FALSE,NA,NA,393290.4953894532,5174190.328008705,270219607001,Cass,"c(393290.495389453, 5174190.3280087)"
27029POTW01,Gonvick WWTP,47.7397399,-95.5078516,VERTICAL,25.93133651,FT,2.119230747,FT,64.03131081,FT3/SEC,126.0547383,FALSE,NA,NA,311992.24253680167,5290420.172324951,270290003002,Clearwater,"c(311992.242536802, 5290420.17232495)"
27013POTW06,Lake Crystal WWTP,44.1153656,-94.2151075,VERTICAL,25.93133651,FT,2.119230747,FT,64.03131081,FT3/SEC,126.0547383,FALSE,NA,NA,402768.565625461,4885404.129879977,270131710002,Blue Earth,"c(402768.565625461, 4885404.12987998)"
27019POTW04,Norwood Young America WWTP,44.7670768,-93.9186175,VERTICAL,25.93133651,FT,2.119230747,FT,64.03131081,FT3/SEC,126.0547383,FALSE,NA,NA,427306.1199567449,4957486.518299481,270190912011,Carver,"c(427306.119956745, 4957486.51829948)"
27031POTW01,Grand Marais WWTP,47.7519103,-90.3287952,VERTICAL,25.93133651,FT,2.119230747,FT,64.03131081,FT3/SEC,126.0547383,FALSE,NA,NA,700206.4437402983,5292182.542402406,270314802002,Cook,"c(700206.443740298, 5292182.54240241)"
27013POTW02,Saint Clair WWTP,44.0855755,-93.8625929,VERTICAL,25.93133651,FT,2.119230747,FT,64.03131081,FT3/SEC,126.0547383,FALSE,NA,NA,430941.7724558423,4881739.276823843,270131713001,Blue Earth,"c(430941.772455842, 4881739.27682384)"
27023POTW05,Clara City WWTP,44.9453057,-95.3706878,VERTICAL,25.93133651,FT,2.119230747,FT,64.03131081,FT3/SEC,126.0547383,FALSE,NA,NA,312975.6821223634,4979608.687380741,270239504001,Chippewa,"c(312975.682122363, 4979608.68738074)"
27025POTW01,North Branch WWTP,45.5210285,-92.9752369,VERTICAL,25.93133651,FT,2.119230747,FT,64.03131081,FT3/SEC,126.0547383,FALSE,NA,NA,501933.9414701144,5040833.012023951,270251103014,Chisago,"c(501933.941470114, 5040833.01202395)"
27015POTW02,Springfield WWTP,44.2400554,-94.9654047,VERTICAL,25.93133651,FT,2.119230747,FT,64.03131081,FT3/SEC,126.0547383,FALSE,NA,NA,343061.2817022869,4900414.123117545,270159606003,Brown,"c(343061.281702287, 4900414.12311754)"
27019POTW01,Watertown WWTP,44.9695782202252,-93.84101116,VERTICAL,25.93133651,FT,2.119230747,FT,64.03131081,FT3/SEC,126.0547383,FALSE,NA,NA,433680.382859504,4979914.937142153,270190901002,Carver,"c(433680.382859504, 4979914.93714215)"
27013POTW04,Vernon Center WWTP,43.95966372,-94.16437361,VERTICAL,25.93133651,FT,2.119230747,FT,64.03131081,FT3/SEC,126.0547383,FALSE,NA,NA,406583.9151465052,4868051.73564882,270131715001,Blue Earth,"c(406583.915146505, 4868051.73564882)"
27023POTW03,Granite Falls WWTP,44.80583311,-95.54010859,VERTICAL,25.93133651,FT,2.119230747,FT,64.03131081,FT3/SEC,126.0547383,FALSE,NA,NA,299125.04085996555,4964520.186824088,270239503001,Chippewa,"c(299125.040859966, 4964520.18682409)"
27007POTW01,Bemidji WWTP,47.46446625,-94.87602514,VERTICAL,25.93133651,FT,2.119230747,FT,64.03131081,FT3/SEC,126.0547383,FALSE,NA,NA,358616.9458655424,5258486.516691124,270074507023,Beltrami,"c(358616.945865542, 5258486.51669112)"
27001POTW01,Aitkin WWTP,46.5405439,-93.7127279,VERTICAL,25.93133651,FT,2.119230747,FT,64.03131081,FT3/SEC,126.0547383,FALSE,NA,NA,445351.78063921345,5154355.202871753,270017703002,Aitkin,"c(445351.780639213, 5154355.20287175)"
27015POTW01,Comfrey WWTP,44.1080252,-94.8911044,VERTICAL,25.93133651,FT,2.119230747,FT,64.03131081,FT3/SEC,126.0547383,FALSE,NA,NA,348656.84904671635,4885609.77218058,270159606001,Brown,"c(348656.849046716, 4885609.77218058)"
27023POTW06,Maynard WWTP,44.901766,-95.469252,VERTICAL,25.93133651,FT,2.119230747,FT,64.03131081,FT3/SEC,126.0547383,FALSE,NA,NA,305052.6197963089,4975004.1719520455,270239503001,Chippewa,"c(305052.619796309, 4975004.17195205)"
27079POTW03,Waterville WWTP,44.2179596,-93.5540185,VERTICAL,25.93133651,FT,2.119230747,FT,64.03131081,FT3/SEC,126.0547383,FALSE,NA,NA,455744.96864486823,4896230.813397699,270799504003,Le Sueur,"c(455744.968644868, 4896230.8133977)"
27083POTW01,Marshall WWTP,44.4720641,-95.7888572,VERTICAL,25.93133651,FT,2.119230747,FT,64.03131081,FT3/SEC,126.0547383,FALSE,NA,NA,278184.55249107775,4928089.566348607,270833605001,Lyon,"c(278184.552491078, 4928089.56634861)"
27093POTW02,Litchfield WWTP,45.1418076933808,-94.52058314,VERTICAL,25.93133651,FT,2.119230747,FT,64.03131081,FT3/SEC,126.0547383,FALSE,NA,NA,380450.82802675664,4999828.271147388,270935603003,Meeker,"c(380450.828026757, 4999828.27114739)"
27065POTW03,Ogilvie WWTP,45.83233088,-93.41061732,VERTICAL,25.93133651,FT,2.119230747,FT,64.03131081,FT3/SEC,126.0547383,FALSE,NA,NA,468109.05767749803,5075500.548109459,270654802002,Kanabec,"c(468109.057677498, 5075500.54810946)"
27117POTW01,Holland WWTP,44.0854636,-96.1869069,VERTICAL,25.93133651,FT,2.119230747,FT,64.03131081,FT3/SEC,126.0547383,FALSE,NA,NA,244855.24938335438,4886304.5573248565,271174601001,Pipestone,"c(244855.249383354, 4886304.55732486)"
27121POTW01,Starbuck WWTP,45.61054331,-95.53547332,VERTICAL,25.93133651,FT,2.119230747,FT,64.03131081,FT3/SEC,126.0547383,FALSE,NA,NA,302300.8698168264,5053904.579177964,271219702002,Pope,"c(302300.869816826, 5053904.57917796)"
27131POTW02,Faribault WWTP,44.3060492,-93.2715192,VERTICAL,25.93133651,FT,2.119230747,FT,64.03131081,FT3/SEC,126.0547383,FALSE,NA,NA,478343.3990966875,4905901.807962981,271310707002,Rice,"c(478343.399096687, 4905901.80796298)"
27131POTW03,Lonsdale WWTP,44.4753984,-93.4168564,VERTICAL,25.93133651,FT,2.119230747,FT,64.03131081,FT3/SEC,126.0547383,FALSE,NA,NA,466846.91605216934,4924760.995121934,271310701003,Rice,"c(466846.916052169, 4924760.99512193)"
27109POTW02,Rochester WWTP/Water Reclamation Plant,44.063733072112,-92.46774709,VERTICAL,25.93133651,FT,2.119230747,FT,64.03131081,FT3/SEC,126.0547383,FALSE,NA,NA,542627.21893276,4879089.270891133,271090017032,Olmsted,"c(542627.21893276, 4879089.27089113)"
27095POTW01,Princeton WWTP,45.5513,-93.5709,VERTICAL,25.93133651,FT,2.119230747,FT,64.03131081,FT3/SEC,126.0547383,FALSE,NA,NA,455437.9447580113,5044354.301480952,271410301021,Sherburne,"c(455437.944758011, 5044354.30148095)"
27137POTW10,Hibbing WWTP South Plant,47.3729630200536,-92.91571334,VERTICAL,25.93133651,FT,2.119230747,FT,64.03131081,FT3/SEC,126.0547383,FALSE,NA,NA,506363.21425883495,5246614.9372404525,271370121004,Saint Louis,"c(506363.214258835, 5246614.93724045)"
27137POTW02,Hoyt Lakes WWTP,47.509615,-92.1500431,VERTICAL,25.93133651,FT,2.119230747,FT,64.03131081,FT3/SEC,126.0547383,FALSE,NA,NA,564001.2791527067,5262148.370362971,271370140002,Saint Louis,"c(564001.279152707, 5262148.37036297)"
27145POTW06,Sauk Centre WWTP,45.7234164,-94.9416629,VERTICAL,25.93133651,FT,2.119230747,FT,64.03131081,FT3/SEC,126.0547383,FALSE,NA,NA,348905.8831902775,5065151.27813806,271450115005,Stearns,"c(348905.883190277, 5065151.27813806)"
27147POTW05,Hope - Somerset Township WWTP,43.969831,-93.2683427,VERTICAL,25.93133651,FT,2.119230747,FT,64.03131081,FT3/SEC,126.0547383,FALSE,NA,NA,478474.96118359914,4868557.041050143,271479605003,Steele,"c(478474.961183599, 4868557.04105014)"
27157POTW02,Wabasha WWTP,44.3537195,-92.0115231,VERTICAL,25.93133651,FT,2.119230747,FT,64.03131081,FT3/SEC,126.0547383,FALSE,NA,NA,578778.0064633366,4911635.9925665315,271574901001,Wabasha,"c(578778.006463337, 4911635.99256653)"
27169POTW04,Whitewater River Regional WWTP,43.9831391,-92.0570074,VERTICAL,25.93133651,FT,2.119230747,FT,64.03131081,FT3/SEC,126.0547383,FALSE,NA,NA,575625.1273822491,4870432.336403385,271696710001,Winona,"c(575625.127382249, 4870432.33640338)"
27171POTW01,Saint Michael WWTP,45.1983403,-93.6590388,VERTICAL,25.93133651,FT,2.119230747,FT,64.03131081,FT3/SEC,126.0547383,FALSE,NA,NA,448237.185108525,5005195.114189965,271711008024,Wright,"c(448237.185108525, 5005195.11418996)"
27045POTW06,Harmony WWTP,43.5440519,-92.0078533,VERTICAL,25.93133651,FT,2.119230747,FT,64.03131081,FT3/SEC,126.0547383,FALSE,NA,NA,580151.3048866967,4821711.819159295,270459605003,Fillmore,"c(580151.304886697, 4821711.8191593)"
27045POTW01,Lanesboro WWTP,43.7220168,-91.9706676,VERTICAL,25.93133651,FT,2.119230747,FT,64.03131081,FT3/SEC,126.0547383,FALSE,NA,NA,582910.3484096845,4841513.384440933,270459606001,Fillmore,"c(582910.348409684, 4841513.38444093)"
27049POTW05,Pine Island WWTP,44.2033342,-92.6386731,VERTICAL,25.93133651,FT,2.119230747,FT,64.03131081,FT3/SEC,126.0547383,FALSE,NA,NA,528869.9507139613,4894520.594331413,270490808003,Goodhue,"c(528869.950713961, 4894520.59433141)"
27049POTW06,Red Wing WWTP,44.5711701,-92.5279175,VERTICAL,25.93133651,FT,2.119230747,FT,64.03131081,FT3/SEC,126.0547383,FALSE,NA,NA,537483.8203115434,4935423.003562147,270490802001,Goodhue,"c(537483.820311543, 4935423.00356215)"
27063POTW01,Lakefield WWTP,43.6847326,-95.1746116,VERTICAL,25.93133651,FT,2.119230747,FT,64.03131081,FT3/SEC,126.0547383,FALSE,NA,NA,324729.90564986924,4839155.6342467265,270634802003,Jackson,"c(324729.905649869, 4839155.63424673)"
27059POTW03,Isanti WWTP,45.5017456462593,-93.24772167,VERTICAL,25.93133651,FT,2.119230747,FT,64.03131081,FT3/SEC,126.0547383,FALSE,NA,NA,480646.89753731654,5038720.281909164,270591305022,Isanti,"c(480646.897537317, 5038720.28190916)"
27067POTW08,Glacial Lakes SSWD,45.256939031702,-94.84509086,VERTICAL,25.93133651,FT,2.119230747,FT,64.03131081,FT3/SEC,126.0547383,FALSE,NA,NA,355230.216058811,5013149.644980528,270677801002,Kandiyohi,"c(355230.216058811, 5013149.64498053)"
27049POTW04,Cannon Falls WWTP,44.51601591,-92.88864452,VERTICAL,25.93133651,FT,2.119230747,FT,64.03131081,FT3/SEC,126.0547383,FALSE,NA,NA,508850.08645050885,4929194.219709358,270490806003,Goodhue,"c(508850.086450509, 4929194.21970936)"
27099POTW02,Austin WWTP,43.6549141,-92.9726446,VERTICAL,25.93133651,FT,2.119230747,FT,64.03131081,FT3/SEC,126.0547383,FALSE,NA,NA,502205.8665694008,4833546.435270442,270990008004,Mower,"c(502205.866569401, 4833546.43527044)"
27073POTW02,Madison WWTP,45.0022408080612,-96.16605969,VERTICAL,25.93133651,FT,2.119230747,FT,64.03131081,FT3/SEC,126.0547383,FALSE,NA,NA,250475.64873682565,4988076.8983517345,270731801002,Lac Qui Parle,"c(250475.648736826, 4988076.89835173)"
27127POTW05,Delhi WWTP,44.596805,-95.208339,VERTICAL,25.93133651,FT,2.119230747,FT,64.03131081,FT3/SEC,126.0547383,FALSE,NA,NA,324732.08257170167,4940534.226996721,271277504001,Redwood,"c(324732.082571702, 4940534.22699672)"
27135POTW01,Springsteel Island Sanitary District,48.9469654,-95.3121434,VERTICAL,25.93133651,FT,2.119230747,FT,64.03131081,FT3/SEC,126.0547383,FALSE,NA,NA,330710.77631501114,5424136.7136214115,271359701002,Roseau,"c(330710.776315011, 5424136.71362141)"
27141POTW04,Zimmerman WWTP,45.4253634,-93.5828727,VERTICAL,25.93133651,FT,2.119230747,FT,64.03131081,FT3/SEC,126.0547383,FALSE,NA,NA,454401.90466688137,5030369.868748037,271410301014,Sherburne,"c(454401.904666881, 5030369.86874804)"
27137POTW17,ISD 2142 Pre-Kindergarten to Grade 12 N School,47.88722659,-92.77669421,VERTICAL,25.93133651,FT,2.119230747,FT,64.03131081,FT3/SEC,126.0547383,FALSE,NA,NA,516693.87476595456,5303790.184682885,271370151001,Saint Louis,"c(516693.874765955, 5303790.18468289)"
27159POTW01,Wadena WWTP,46.4416857,-95.125281,VERTICAL,25.93133651,FT,2.119230747,FT,64.03131081,FT3/SEC,126.0547383,FALSE,NA,NA,336750.75025864283,5145318.304322843,271594803001,Wadena,"c(336750.750258643, 5145318.30432284)"
27169POTW03,Winona WWTP,44.0333899,-91.6028801,VERTICAL,25.93133651,FT,2.119230747,FT,64.03131081,FT3/SEC,126.0547383,FALSE,NA,NA,611950.4013253368,4876530.214423655,271696707002,Winona,"c(611950.401325337, 4876530.21442365)"
27045POTW04,Mabel WWTP,43.5244088,-91.761578600000007,VERTICAL,25.93133651,FT,2.119230747,FT,64.03131081,FT3/SEC,126.0547383,FALSE,NA,NA,600079.4191139552,4819797.088277478,270459606003,Fillmore,"c(600079.419113955, 4819797.08827748)"
27049POTW03,Wanamingo WWTP,44.30708869,-92.78618317,VERTICAL,25.93133651,FT,2.119230747,FT,64.03131081,FT3/SEC,126.0547383,FALSE,NA,NA,517053.9095007081,4906003.652470866,270490809002,Goodhue,"c(517053.909500708, 4906003.65247087)"
27067POTW05,Prinsburg WWTP,44.9484116976052,-95.21026479,VERTICAL,25.93133651,FT,2.119230747,FT,64.03131081,FT3/SEC,126.0547383,FALSE,NA,NA,325640.93257730606,4979596.122214922,270677812001,Kandiyohi,"c(325640.932577306, 4979596.12221492)"
27075POTW03,Two Harbors WWTP,47.01715886,-91.66467744,VERTICAL,25.93133651,FT,2.119230747,FT,64.03131081,FT3/SEC,126.0547383,FALSE,NA,NA,601485.527299726,5207936.130731738,270753701004,Lake,"c(601485.527299726, 5207936.13073174)"
27055POTW01,Caledonia WWTP,43.6318348,-91.5017933,VERTICAL,25.93133651,FT,2.119230747,FT,64.03131081,FT3/SEC,126.0547383,FALSE,NA,NA,620858.3358384346,4832073.324806104,270550205002,Houston,"c(620858.335838435, 4832073.3248061)"
27091POTW06,Fairmont WWTP,43.67020811,-94.45962894,VERTICAL,25.93133651,FT,2.119230747,FT,64.03131081,FT3/SEC,126.0547383,FALSE,NA,NA,382328.6738949377,4836279.729377965,270917906003,Martin,"c(382328.673894938, 4836279.72937797)"
27103POTW02,Lafayette WWTP,44.439250798316,-94.39214013,VERTICAL,25.93133651,FT,2.119230747,FT,64.03131081,FT3/SEC,126.0547383,FALSE,NA,NA,389212.90481201437,4921603.786573715,271034801002,Nicollet,"c(389212.904812014, 4921603.78657371)"
27075POTW01,Silver Bay WWTP,47.2951431,-91.2699788,VERTICAL,25.93133651,FT,2.119230747,FT,64.03131081,FT3/SEC,126.0547383,FALSE,NA,NA,630798.2585123134,5239414.475259577,270753703003,Lake,"c(630798.258512313, 5239414.47525958)"
27131POTW01,Morristown WWTP,44.22695653,-93.43821196,VERTICAL,25.93133651,FT,2.119230747,FT,64.03131081,FT3/SEC,126.0547383,FALSE,NA,NA,465000.93866558623,4897174.260269096,271310703005,Rice,"c(465000.938665586, 4897174.2602691)"
27139POTW06,Belle Plaine WWTP,44.6246269,-93.7960013,VERTICAL,25.93133651,FT,2.119230747,FT,64.03131081,FT3/SEC,126.0547383,FALSE,NA,NA,436854.6084735414,4941560.715656847,271390813004,Scott,"c(436854.608473541, 4941560.71565685)"
27143POTW01,Arlington WWTP,44.60019322,-94.0646221,VERTICAL,25.93133651,FT,2.119230747,FT,64.03131081,FT3/SEC,126.0547383,FALSE,NA,NA,415509.93624136737,4939089.692969335,271431704004,Sibley,"c(415509.936241367, 4939089.69296934)"
27147POTW03,Owatonna WWTP,44.0964061,-93.2313585,VERTICAL,25.93133651,FT,2.119230747,FT,64.03131081,FT3/SEC,126.0547383,FALSE,NA,NA,481481.09769657586,4882606.562631872,271479604002,Steele,"c(481481.097696576, 4882606.56263187)"
27161POTW02,New Richland WWTP,43.89396818,-93.5023895,VERTICAL,25.93133651,FT,2.119230747,FT,64.03131081,FT3/SEC,126.0547383,FALSE,NA,NA,459649.6850949597,4860218.882636745,271617902003,Waseca,"c(459649.68509496, 4860218.88263675)"
27171POTW07,Albertville WWTP,45.2414906718247,-93.64838337,VERTICAL,25.93133651,FT,2.119230747,FT,64.03131081,FT3/SEC,126.0547383,FALSE,NA,NA,449112.60017788975,5009981.981545301,271711008021,Wright,"c(449112.60017789, 5009981.9815453)"
27067POTW04,Willmar WWTP,45.0971319204218,-95.15289502,VERTICAL,25.93133651,FT,2.119230747,FT,64.03131081,FT3/SEC,126.0547383,FALSE,NA,NA,330605.9527462075,4995995.329078371,270677806001,Kandiyohi,"c(330605.952746207, 4995995.32907837)"
27055POTW03,Hokah WWTP,43.7622313,-91.3506115,VERTICAL,25.93133651,FT,2.119230747,FT,64.03131081,FT3/SEC,126.0547383,FALSE,NA,NA,632766.0301864158,4846786.900034644,270550202003,Houston,"c(632766.030186416, 4846786.90003464)"
27091POTW05,Sherburn WWTP,43.6523207495345,-94.71507005,VERTICAL,25.93133651,FT,2.119230747,FT,64.03131081,FT3/SEC,126.0547383,FALSE,NA,NA,361694.363023856,4834687.14807073,270917903002,Martin,"c(361694.363023856, 4834687.14807073)"
27127POTW02,Morgan WWTP,44.4213687003499,-94.93722283,VERTICAL,25.93133651,FT,2.119230747,FT,64.03131081,FT3/SEC,126.0547383,FALSE,NA,NA,345787.6640127514,4920500.158354502,271277501003,Redwood,"c(345787.664012751, 4920500.1583545)"
27131POTW04,Nerstrand WWTP,44.3363917,-93.0682003,VERTICAL,25.93133651,FT,2.119230747,FT,64.03131081,FT3/SEC,126.0547383,FALSE,NA,NA,494563.0898111759,4909238.491598793,271310704002,Rice,"c(494563.089811176, 4909238.49159879)"
27137POTW11,Mountain Iron WWTP,47.51301371,-92.61489419,VERTICAL,25.93133651,FT,2.119230747,FT,64.03131081,FT3/SEC,126.0547383,FALSE,NA,NA,528996.4527271962,5262247.88936724,271370128004,Saint Louis,"c(528996.452727196, 5262247.88936724)"
27151POTW03,Appleton WWTP,45.2018266,-96.0324292,VERTICAL,25.93133651,FT,2.119230747,FT,64.03131081,FT3/SEC,126.0547383,FALSE,NA,NA,261839.3967394886,5009845.429438738,271519604002,Swift,"c(261839.396739489, 5009845.42943874)"
27047POTW03,Albert Lea WWTP,43.6058976,-93.30197628,VERTICAL,25.93133651,FT,2.119230747,FT,64.03131081,FT3/SEC,126.0547383,FALSE,NA,NA,475629.63451849914,4828146.564126096,270471807002,Freeborn,"c(475629.634518499, 4828146.5641261)"
27049POTW07,Zumbrota WWTP,44.3005228,-92.6666021,VERTICAL,25.93133651,FT,2.119230747,FT,64.03131081,FT3/SEC,126.0547383,FALSE,NA,NA,526594.5944477268,4905306.168545989,270490809004,Goodhue,"c(526594.594447727, 4905306.16854599)"
27079POTW01,Le Center WWTP,44.3777378,-93.7372993,VERTICAL,25.93133651,FT,2.119230747,FT,64.03131081,FT3/SEC,126.0547383,FALSE,NA,NA,441263.9706712049,4914093.055383773,270799505003,Le Sueur,"c(441263.970671205, 4914093.05538377)"
27103POTW01,Saint Peter city of,44.3410394575645,-93.95783332,VERTICAL,25.93133651,FT,2.119230747,FT,64.03131081,FT3/SEC,126.0547383,FALSE,NA,NA,423647.72091867623,4910198.55651369,271034803003,Nicollet,"c(423647.720918676, 4910198.55651369)"
27103POTW03,Saint George District Sewer System,44.3929303,-94.5349812,VERTICAL,25.93133651,FT,2.119230747,FT,64.03131081,FT3/SEC,126.0547383,FALSE,NA,NA,377749.00495331665,4916662.00090367,271034801003,Nicollet,"c(377749.004953317, 4916662.00090367)"
27127POTW08,Redwood Falls WWTP,44.5704068,-95.1081185,VERTICAL,25.93133651,FT,2.119230747,FT,64.03131081,FT3/SEC,126.0547383,FALSE,NA,NA,332610.51123541465,4937391.437157869,271277502001,Redwood,"c(332610.511235415, 4937391.43715787)"
27139POTW02,Jordan WWTP,44.6797056,-93.6305229,VERTICAL,25.93133651,FT,2.119230747,FT,64.03131081,FT3/SEC,126.0547383,FALSE,NA,NA,450029.050110142,4947564.092532896,271390808002,Scott,"c(450029.050110142, 4947564.0925329)"
27137POTW03,Aurora WWTP,47.517124,-92.2475108,VERTICAL,25.93133651,FT,2.119230747,FT,64.03131081,FT3/SEC,126.0547383,FALSE,NA,NA,556653.9717731875,5262907.2026709905,271370138001,Saint Louis,"c(556653.971773188, 5262907.20267099)"
27137POTW08,Orr WWTP,48.0463069,-92.8326087,VERTICAL,25.93133651,FT,2.119230747,FT,64.03131081,FT3/SEC,126.0547383,FALSE,NA,NA,512475.4579623694,5321460.6174973985,271370155001,Saint Louis,"c(512475.457962369, 5321460.6174974)"
27161POTW03,Waldorf WWTP,43.936856,-93.702814,VERTICAL,25.93133651,FT,2.119230747,FT,64.03131081,FT3/SEC,126.0547383,FALSE,NA,NA,443592.73222064326,4865099.66865654,271617902002,Waseca,"c(443592.732220643, 4865099.66865654)"
27171POTW14,Annandale/Maple Lake/Howard Lake WWTP,45.1785788,-94.033294,VERTICAL,25.93133651,FT,2.119230747,FT,64.03131081,FT3/SEC,126.0547383,FALSE,NA,NA,418814.0220931789,5003307.843147832,271711005003,Wright,"c(418814.022093179, 5003307.84314783)"
27047POTW01,Emmons WWTP,43.4997772,-93.4951911,VERTICAL,25.93133651,FT,2.119230747,FT,64.03131081,FT3/SEC,126.0547383,FALSE,NA,NA,459966.4342153164,4816435.723198256,270471803001,Freeborn,"c(459966.434215316, 4816435.72319826)"
27053POTW02,Greenfield WWTP,45.0813762,-93.73160088,VERTICAL,25.93133651,FT,2.119230747,FT,64.03131081,FT3/SEC,126.0547383,FALSE,NA,NA,442420.34056562476,4992250.646710978,270530270012,Hennepin,"c(442420.340565625, 4992250.64671098)"
27071POTW06,ISD 363 - Indus School,48.6308101,-93.9008828,VERTICAL,25.93133651,FT,2.119230747,FT,64.03131081,FT3/SEC,126.0547383,FALSE,NA,NA,433621.8655427495,5386807.654309218,270717905002,Koochiching,"c(433621.86554275, 5386807.65430922)"
27079POTW04,MRVPUC WWTP,44.4751486,-93.903837,VERTICAL,25.93133651,FT,2.119230747,FT,64.03131081,FT3/SEC,126.0547383,FALSE,NA,NA,428116.41764143883,4925045.994887039,270799502001,Le Sueur,"c(428116.417641439, 4925045.99488704)"
27055POTW04,Houston WWTP,43.7612879,-91.5658132,VERTICAL,25.93133651,FT,2.119230747,FT,64.03131081,FT3/SEC,126.0547383,FALSE,NA,NA,615445.204819113,4846359.6294174455,270550203002,Houston,"c(615445.204819113, 4846359.62941745)"
27091POTW03,Trimont WWTP,43.7690000267735,-94.70519575,VERTICAL,25.93133651,FT,2.119230747,FT,64.03131081,FT3/SEC,126.0547383,FALSE,NA,NA,362757.2381623709,4847629.656229024,270917901002,Martin,"c(362757.238162371, 4847629.65622902)"
27105POTW01,Worthington WWTP,43.6452061,-95.5751598,VERTICAL,25.93133651,FT,2.119230747,FT,64.03131081,FT3/SEC,126.0547383,FALSE,NA,NA,292309.11261752475,4835690.360854422,271051054001,Nobles,"c(292309.112617525, 4835690.36085442)"
27133POTW01,Luverne WWTP,43.65446497,-96.20532509,VERTICAL,25.93133651,FT,2.119230747,FT,64.03131081,FT3/SEC,126.0547383,FALSE,NA,NA,241522.68219248182,4838489.83914268,271335703003,Rock,"c(241522.682192482, 4838489.83914268)"
27139POTW01,New Prague WWTP,44.5581544,-93.5678381,VERTICAL,25.93133651,FT,2.119230747,FT,64.03131081,FT3/SEC,126.0547383,FALSE,NA,NA,454903.03110754304,4934025.657677814,271390812001,Scott,"c(454903.031107543, 4934025.65767781)"
27137POTW05,Babbitt WWTP,47.7068618,-91.9639753,VERTICAL,25.93133651,FT,2.119230747,FT,64.03131081,FT3/SEC,126.0547383,FALSE,NA,NA,577719.1795011163,5284239.76014662,271370141001,Saint Louis,"c(577719.179501116, 5284239.76014662)"
27151POTW01,Benson WWTP,45.3165758,-95.6161827,VERTICAL,25.93133651,FT,2.119230747,FT,64.03131081,FT3/SEC,126.0547383,FALSE,NA,NA,294944.10282886185,5021448.67578946,271519602003,Swift,"c(294944.102828862, 5021448.67578946)"
27161POTW01,Waseca WWTP,44.0700317,-93.5469283,VERTICAL,25.93133651,FT,2.119230747,FT,64.03131081,FT3/SEC,126.0547383,FALSE,NA,NA,456202.09783050005,4879796.553052543,271617905002,Waseca,"c(456202.0978305, 4879796.55305254)"
27171POTW19,Cokato WWTP,45.0915833,-94.1643087,VERTICAL,25.93133651,FT,2.119230747,FT,64.03131081,FT3/SEC,126.0547383,FALSE,NA,NA,408380.98056395847,4993783.565558977,271711013001,Wright,"c(408380.980563958, 4993783.56555898)"
27053POTW01,Rogers WWTP,45.2011333105494,-93.5622382,VERTICAL,25.93133651,FT,2.119230747,FT,64.03131081,FT3/SEC,126.0547383,FALSE,NA,NA,455842.34352782497,5005447.895936498,270530269092,Hennepin,"c(455842.343527825, 5005447.8959365)"
27079POTW02,Montgomery WWTP,44.4590757254169,-93.59733,VERTICAL,25.93133651,FT,2.119230747,FT,64.03131081,FT3/SEC,126.0547383,FALSE,NA,NA,452480.3863862221,4923036.922826095,270799501002,Le Sueur,"c(452480.386386222, 4923036.92282609)"
27055POTW07,Spring Grove WWTP,43.5548311,-91.6402213,VERTICAL,25.93133651,FT,2.119230747,FT,64.03131081,FT3/SEC,126.0547383,FALSE,NA,NA,609831.402638301,4823328.964095745,270550209002,Houston,"c(609831.402638301, 4823328.96409575)"
27091POTW01,Welcome WWTP,43.6781426,-94.6150686,VERTICAL,25.93133651,FT,2.119230747,FT,64.03131081,FT3/SEC,126.0547383,FALSE,NA,NA,369814.5566417037,4837393.1917880615,270917902003,Martin,"c(369814.556641704, 4837393.19178806)"
27107POTW01,Halstad WWTP,47.3518797259215,-96.83240725,VERTICAL,25.93133651,FT,2.119230747,FT,64.03131081,FT3/SEC,126.0547383,FALSE,NA,NA,210574.98212199035,5251393.137935181,271079602001,Norman,"c(210574.98212199, 5251393.13793518)"
27129POTW03,Franklin WWTP,44.5236063,-94.8886201,VERTICAL,25.93133651,FT,2.119230747,FT,64.03131081,FT3/SEC,126.0547383,FALSE,NA,NA,349919.0505891794,4931766.0819544485,271297906002,Renville,"c(349919.050589179, 4931766.08195445)"
27137POTW09,Virginia WWTP,47.5010712,-92.5529415,VERTICAL,25.93133651,FT,2.119230747,FT,64.03131081,FT3/SEC,126.0547383,FALSE,NA,NA,533668.7948264639,5260945.628013244,271370132002,Saint Louis,"c(533668.794826464, 5260945.62801324)"
27151POTW02,Kerkhoven WWTP,45.19271965,-95.30797305,VERTICAL,25.93133651,FT,2.119230747,FT,64.03131081,FT3/SEC,126.0547383,FALSE,NA,NA,318707.509934737,5006950.766454317,271519601003,Swift,"c(318707.509934737, 5006950.76645432)"
27033POTW01,Windom WWTP,43.8601722,-95.1077232,VERTICAL,25.93133651,FT,2.119230747,FT,64.03131081,FT3/SEC,126.0547383,FALSE,NA,NA,330617.22616197215,4858501.909998182,270332704001,Cottonwood,"c(330617.226161972, 4858501.90999818)"
27147POTW02,Medford WWTP,44.17891662,-93.24865529,VERTICAL,25.93133651,FT,2.119230747,FT,64.03131081,FT3/SEC,126.0547383,FALSE,NA,NA,480124.2871299709,4891775.084549322,271479601001,Steele,"c(480124.287129971, 4891775.08454932)"
27055POTW05,Brownsville WWTP,43.69201,-91.27799386,VERTICAL,25.93133651,FT,2.119230747,FT,64.03131081,FT3/SEC,126.0547383,FALSE,NA,NA,638773.4703191203,4839106.771655836,270550202002,Houston,"c(638773.47031912, 4839106.77165584)"
27037POTW01,Northfield WWTP,44.4757088,-93.1488123,VERTICAL,25.93133651,FT,2.119230747,FT,64.03131081,FT3/SEC,126.0547383,FALSE,NA,NA,488164.84583217103,4924721.74593692,270370615021,Dakota,"c(488164.845832171, 4924721.74593692)"
27033POTW02,Delft Sanitary District WWTP,43.9917849069354,-95.09064207,VERTICAL,25.93133651,FT,2.119230747,FT,64.03131081,FT3/SEC,126.0547383,FALSE,NA,NA,332360.136882649,4873085.168740211,270332701001,Cottonwood,"c(332360.136882649, 4873085.16874021)"
27039POTW01,Dodge Center WWTP,44.039429,-92.8588147,VERTICAL,25.93133651,FT,2.119230747,FT,64.03131081,FT3/SEC,126.0547383,FALSE,NA,NA,511311.9073538794,4876261.836429621,270399502002,Dodge,"c(511311.907353879, 4876261.83642962)"
27091POTW02,Truman WWTP,43.8253529,-94.4252583,VERTICAL,25.93133651,FT,2.119230747,FT,64.03131081,FT3/SEC,126.0547383,FALSE,NA,NA,385396.0225129853,4853462.618987706,270917901003,Martin,"c(385396.022512985, 4853462.61898771)"
27129POTW05,Hector WWTP,44.7460066,-94.694865,VERTICAL,25.93133651,FT,2.119230747,FT,64.03131081,FT3/SEC,126.0547383,FALSE,NA,NA,365829.6515847933,4956132.768943131,271297901003,Renville,"c(365829.651584793, 4956132.76894313)"
27097POTW02,Little Falls WWTP,45.9658539,-94.3685761,VERTICAL,25.93133651,FT,2.119230747,FT,64.03131081,FT3/SEC,126.0547383,FALSE,NA,NA,393963.1426542202,5091164.175307026,270977806001,Morrison,"c(393963.14265422, 5091164.17530703)"
27127POTW04,Wabasso WWTP,44.4043596,-95.251405,VERTICAL,25.93133651,FT,2.119230747,FT,64.03131081,FT3/SEC,126.0547383,FALSE,NA,NA,320724.9989853412,4919250.995264986,271277504003,Redwood,"c(320724.998985341, 4919250.99526499)"
27137POTW15,Central Iron Range Sanitary Sewer District WWTP,47.4796183778265,-92.84230633,VERTICAL,25.93133651,FT,2.119230747,FT,64.03131081,FT3/SEC,126.0547383,FALSE,NA,NA,511881.0455132073,5258476.653191786,271370151003,Saint Louis,"c(511881.045513207, 5258476.65319179)"
27145POTW10,Avon WWTP,45.62861756,-94.44087319,VERTICAL,25.93133651,FT,2.119230747,FT,64.03131081,FT3/SEC,126.0547383,FALSE,NA,NA,387686.0146919221,5053795.305362521,271450104011,Stearns,"c(387686.014691922, 5053795.30536252)"
27165POTW05,La Salle WWTP,44.0725503267024,-94.56748477,VERTICAL,25.93133651,FT,2.119230747,FT,64.03131081,FT3/SEC,126.0547383,FALSE,NA,NA,374481.0075755174,4881125.312826191,271659501002,Watonwan,"c(374481.007575517, 4881125.31282619)"
27171POTW08,Delano WWTP,45.05195057,-93.78454275,VERTICAL,25.93133651,FT,2.119230747,FT,64.03131081,FT3/SEC,126.0547383,FALSE,NA,NA,438221.9336395438,4989020.833954115,271711010003,Wright,"c(438221.933639544, 4989020.83395412)"
27035POTW01,Brainerd WWTP,46.337660792242,-94.22806296,VERTICAL,25.93133651,FT,2.119230747,FT,64.03131081,FT3/SEC,126.0547383,FALSE,NA,NA,405488.66428476764,5132297.818369468,270359513023,Crow Wing,"c(405488.664284768, 5132297.81836947)"
27037POTW02,Vermillion WWTP,44.6778107,-92.9643888,VERTICAL,25.93133651,FT,2.119230747,FT,64.03131081,FT3/SEC,126.0547383,FALSE,NA,NA,502822.3923815326,4947160.883281125,270370610012,Dakota,"c(502822.392381533, 4947160.88328112)"
27059POTW02,Braham WWTP,45.7219366,-93.1771329,VERTICAL,25.93133651,FT,2.119230747,FT,64.03131081,FT3/SEC,126.0547383,FALSE,NA,NA,486215.6470524918,5063168.751641351,270591302001,Isanti,"c(486215.647052492, 5063168.75164135)"
27085POTW01,Brownton WWTP,44.73334539,-94.34217,VERTICAL,25.93133651,FT,2.119230747,FT,64.03131081,FT3/SEC,126.0547383,FALSE,NA,NA,393726.85913317144,4954205.2861448005,270859505002,McLeod,"c(393726.859133171, 4954205.2861448)"
27043POTW01,Winnebago WWTP,43.7693398,-94.1869919,VERTICAL,25.93133651,FT,2.119230747,FT,64.03131081,FT3/SEC,126.0547383,FALSE,NA,NA,404465.76498298853,4846939.043663191,270434602002,Faribault,"c(404465.764982989, 4846939.04366319)"
27097POTW04,Motley WWTP,46.3374734,-94.6390491,VERTICAL,25.93133651,FT,2.119230747,FT,64.03131081,FT3/SEC,126.0547383,FALSE,NA,NA,373859.21253059135,5132849.610751423,270977801003,Morrison,"c(373859.212530591, 5132849.61075142)"
27127POTW03,Walnut Grove WWTP,44.2248315,-95.4581265,VERTICAL,25.93133651,FT,2.119230747,FT,64.03131081,FT3/SEC,126.0547383,FALSE,NA,NA,303665.91351119505,4899783.2827536035,271277505001,Redwood,"c(303665.913511195, 4899783.2827536)"
27137POTW14,Crane Lake WWTP,48.2560080048635,-92.4821915,VERTICAL,25.93133651,FT,2.119230747,FT,64.03131081,FT3/SEC,126.0547383,FALSE,NA,NA,538434.6363278945,5344884.673653531,271370155002,Saint Louis,"c(538434.636327895, 5344884.67365353)"
27153POTW03,Long Prairie WWTP - Municipal,45.9944888,-94.8652921,VERTICAL,25.93133651,FT,2.119230747,FT,64.03131081,FT3/SEC,126.0547383,FALSE,NA,NA,355552.6273302848,5095126.6656937925,271537906001,Todd,"c(355552.627330285, 5095126.66569379)"
27165POTW02,Madelia WWTP,44.03447008,-94.40678213,VERTICAL,25.93133651,FT,2.119230747,FT,64.03131081,FT3/SEC,126.0547383,FALSE,NA,NA,387277.4123051931,4876663.36015311,271659501002,Watonwan,"c(387277.412305193, 4876663.36015311)"
27171POTW02,Monticello WWTP,45.2985479,-93.7765936,VERTICAL,25.93133651,FT,2.119230747,FT,64.03131081,FT3/SEC,126.0547383,FALSE,NA,NA,439111.25586805865,5016409.468753723,271711002042,Wright,"c(439111.255868059, 5016409.46875372)"
27035POTW03,Crosslake WWTP,46.6611334027944,-94.11047211,VERTICAL,25.93133651,FT,2.119230747,FT,64.03131081,FT3/SEC,126.0547383,FALSE,NA,NA,415043.73457633896,5168107.032022378,270359502042,Crow Wing,"c(415043.734576339, 5168107.03202238)"
27061POTW05,Coleraine-Bovey-Taconite Joint WWTP,47.28571981,-93.40455484,VERTICAL,25.93133651,FT,2.119230747,FT,64.03131081,FT3/SEC,126.0547383,FALSE,NA,NA,469407.85055802326,5236995.267132042,270614810003,Itasca,"c(469407.850558023, 5236995.26713204)"
27147POTW01,Blooming Prairie WWTP,43.8624934,-93.044241,VERTICAL,25.93133651,FT,2.119230747,FT,64.03131081,FT3/SEC,126.0547383,FALSE,NA,NA,496444.83553109993,4856601.421081031,270399504001,Dodge,"c(496444.8355311, 4856601.42108103)"
27039POTW02,Hayfield WWTP,43.8891565,-92.8579837,VERTICAL,25.93133651,FT,2.119230747,FT,64.03131081,FT3/SEC,126.0547383,FALSE,NA,NA,511407.20709718147,4859571.61803833,270399504002,Dodge,"c(511407.207097181, 4859571.61803833)"
27065POTW01,Mora WWTP,45.87704741,-93.31502395,VERTICAL,25.93133651,FT,2.119230747,FT,64.03131081,FT3/SEC,126.0547383,FALSE,NA,NA,475552.9970105839,5080435.008462246,270654804001,Kanabec,"c(475552.997010584, 5080435.00846225)"
27085POTW06,Glencoe WWTP,44.76570666,-94.13425775,VERTICAL,25.93133651,FT,2.119230747,FT,64.03131081,FT3/SEC,126.0547383,FALSE,NA,NA,410239.50199913525,4957549.628425628,270859507004,McLeod,"c(410239.501999135, 4957549.62842563)"
27045POTW07,Canton WWTP,43.5355649,-91.9340987,VERTICAL,25.93133651,FT,2.119230747,FT,64.03131081,FT3/SEC,126.0547383,FALSE,NA,NA,586121.7402021636,4820842.983651043,270459605004,Fillmore,"c(586121.740202164, 4820842.98365104)"
27109POTW01,Stewartville WWTP,43.8700701,-92.4787066,VERTICAL,25.93133651,FT,2.119230747,FT,64.03131081,FT3/SEC,126.0547383,FALSE,NA,NA,541885.3573358207,4857574.030237491,271090021001,Olmsted,"c(541885.357335821, 4857574.03023749)"
27129POTW06,Morton WWTP,44.54740201,-94.98562814,VERTICAL,25.93133651,FT,2.119230747,FT,64.03131081,FT3/SEC,126.0547383,FALSE,NA,NA,342274.433788231,4934592.121387608,271297904001,Renville,"c(342274.433788231, 4934592.12138761)"
27097POTW03,Randall WWTP,46.0942331,-94.494276,VERTICAL,25.93133651,FT,2.119230747,FT,64.03131081,FT3/SEC,126.0547383,FALSE,NA,NA,384491.81082369556,5105602.8534395415,270977802003,Morrison,"c(384491.810823696, 5105602.85343954)"
27145POTW04,Holdingford WWTP,45.72411236,-94.44969558,VERTICAL,25.93133651,FT,2.119230747,FT,64.03131081,FT3/SEC,126.0547383,FALSE,NA,NA,387190.4093907287,5064417.156287707,271450104032,Stearns,"c(387190.409390729, 5064417.15628771)"
27153POTW02,Staples WWTP,46.3622721,-94.7839306,VERTICAL,25.93133651,FT,2.119230747,FT,64.03131081,FT3/SEC,126.0547383,FALSE,NA,NA,362771.4232694086,5135846.038398854,271537901003,Todd,"c(362771.423269409, 5135846.03839885)"
27165POTW03,Saint James WWTP,43.9896023,-94.6119393,VERTICAL,25.93133651,FT,2.119230747,FT,64.03131081,FT3/SEC,126.0547383,FALSE,NA,NA,370741.0027739539,4871980.99730431,271659502002,Watonwan,"c(370741.002773954, 4871980.99730431)"
27039POTW07,Claremont WWTP,44.0411211,-92.972333,VERTICAL,25.93133651,FT,2.119230747,FT,64.03131081,FT3/SEC,126.0547383,FALSE,NA,NA,502216.6445300048,4876440.459191284,270399503002,Dodge,"c(502216.644530005, 4876440.45919128)"
27061POTW08,Effie WWTP,47.8419953,-93.6468367,VERTICAL,25.93133651,FT,2.119230747,FT,64.03131081,FT3/SEC,126.0547383,FALSE,NA,NA,451601.84036134044,5298941.42276269,270614801003,Itasca,"c(451601.84036134, 5298941.42276269)"
27045POTW05,Chatfield WWTP,43.8390093,-92.186475,VERTICAL,25.93133651,FT,2.119230747,FT,64.03131081,FT3/SEC,126.0547383,FALSE,NA,NA,565399.8404332626,4854313.8096335735,270459602002,Fillmore,"c(565399.840433263, 4854313.80963357)"
27111POTW04,Fergus Falls WWTP,46.2817807,-96.1117011,VERTICAL,25.93133651,FT,2.119230747,FT,64.03131081,FT3/SEC,126.0547383,FALSE,NA,NA,260284.95620184523,5130062.957375614,271119609006,Otter Tail,"c(260284.956201845, 5130062.95737561)"
27129POTW02,Olivia WWTP,44.7670612,-95.0121482,VERTICAL,25.93133651,FT,2.119230747,FT,64.03131081,FT3/SEC,126.0547383,FALSE,NA,NA,340770.36615946353,4959043.780305894,271297905002,Renville,"c(340770.366159464, 4959043.78030589)"
27141POTW02,Becker WWTP,45.3964783881634,-93.86141656,VERTICAL,25.93133651,FT,2.119230747,FT,64.03131081,FT3/SEC,126.0547383,FALSE,NA,NA,432577.0927158573,5027356.53158369,271410304042,Sherburne,"c(432577.092715857, 5027356.53158369)"
27137POTW04,Ely WWTP,47.9092581822398,-91.87156738,VERTICAL,25.93133651,FT,2.119230747,FT,64.03131081,FT3/SEC,126.0547383,FALSE,NA,NA,584322.9611920163,5306830.966712654,271370153001,Saint Louis,"c(584322.961192016, 5306830.96671265)"
27145POTW13,Lake Henry WWTP,45.4677419,-94.7994826,VERTICAL,25.93133651,FT,2.119230747,FT,64.03131081,FT3/SEC,126.0547383,FALSE,NA,NA,359332.2675252524,5036487.667431437,271450109003,Stearns,"c(359332.267525252, 5036487.66743144)"
27171POTW12,Montrose WWTP,45.05744432,-93.90644893,VERTICAL,25.93133651,FT,2.119230747,FT,64.03131081,FT3/SEC,126.0547383,FALSE,NA,NA,428629.38286886737,4989731.3892151425,271711011003,Wright,"c(428629.382868867, 4989731.38921514)"
27037POTW04,Met Council Hastings WWTP,44.7454244860539,-92.84670107,VERTICAL,25.93133651,FT,2.119230747,FT,64.03131081,FT3/SEC,126.0547383,FALSE,NA,NA,512135.6840742714,4954682.34903837,270370611082,Dakota,"c(512135.684074271, 4954682.34903837)"
27043POTW02,Blue Earth WWTP,43.6443017,-94.1143368,VERTICAL,25.93133651,FT,2.119230747,FT,64.03131081,FT3/SEC,126.0547383,FALSE,NA,NA,410126.7490863307,4832970.68048285,270434604001,Faribault,"c(410126.749086331, 4832970.68048285)"
27041POTW02,Alexandria Lakes Area Sanitary District,45.8670006101614,-95.40576229,VERTICAL,25.93133651,FT,2.119230747,FT,64.03131081,FT3/SEC,126.0547383,FALSE,NA,NA,313272.02507499757,5082084.974515733,270414507011,Douglas,"c(313272.025074998, 5082084.97451573)"
27071POTW01,NKASD WWTP,48.59982397928,-93.42197206,VERTICAL,25.93133651,FT,2.119230747,FT,64.03131081,FT3/SEC,126.0547383,FALSE,NA,NA,468889.4302216068,5383057.598107319,270717902006,Koochiching,"c(468889.430221607, 5383057.59810732)"
27085POTW07,Lester Prairie WWTP,44.8791127382312,-94.03507833,VERTICAL,25.93133651,FT,2.119230747,FT,64.03131081,FT3/SEC,126.0547383,FALSE,NA,NA,418248.60546805686,4970042.582648463,270859506001,McLeod,"c(418248.605468057, 4970042.58264846)"
27045POTW02,Preston WWTP,43.6707695,-92.0913663,VERTICAL,25.93133651,FT,2.119230747,FT,64.03131081,FT3/SEC,126.0547383,FALSE,NA,NA,573250.6680454207,4835708.078924254,270459604001,Fillmore,"c(573250.668045421, 4835708.07892425)"
27111POTW01,Pelican Rapids WWTP,46.571469,-96.0891512,VERTICAL,25.93133651,FT,2.119230747,FT,64.03131081,FT3/SEC,126.0547383,FALSE,NA,NA,263280.53046234854,5162181.429890808,271119603002,Otter Tail,"c(263280.530462349, 5162181.42989081)"
27097POTW01,Swanville WWTP,45.91348083,-94.64561826,VERTICAL,25.93133651,FT,2.119230747,FT,64.03131081,FT3/SEC,126.0547383,FALSE,NA,NA,372378.0442060647,5085751.312949292,271537905002,Todd,"c(372378.044206065, 5085751.31294929)"
27141POTW03,Big Lake WWTP,45.3008682,-93.74978,VERTICAL,25.93133651,FT,2.119230747,FT,64.03131081,FT3/SEC,126.0547383,FALSE,NA,NA,441215.97023289953,5016647.3327795295,271410304021,Sherburne,"c(441215.9702329, 5016647.33277953)"
27137POTW07,Eveleth WWTP,47.4605934,-92.5450089,VERTICAL,25.93133651,FT,2.119230747,FT,64.03131081,FT3/SEC,126.0547383,FALSE,NA,NA,534292.5427497728,5256450.577089184,271370133001,Saint Louis,"c(534292.542749773, 5256450.57708918)"
27157POTW05,Hammond WWTP,44.2236696750627,-92.37441748,VERTICAL,25.93133651,FT,2.119230747,FT,64.03131081,FT3/SEC,126.0547383,FALSE,NA,NA,549966.7460786749,4896906.084544633,271574904004,Wabasha,"c(549966.746078675, 4896906.08454463)"
27169POTW01,Altura WWTP,44.0776173,-91.9438951,VERTICAL,25.93133651,FT,2.119230747,FT,64.03131081,FT3/SEC,126.0547383,FALSE,NA,NA,584561.9723946053,4881035.850567156,271696701001,Winona,"c(584561.972394605, 4881035.85056716)"
27171POTW13,Otsego WWTP West,45.2627138,-93.6552992,VERTICAL,25.93133651,FT,2.119230747,FT,64.03131081,FT3/SEC,126.0547383,FALSE,NA,NA,448588.9738607907,5012344.090476501,271711001005,Wright,"c(448588.973860791, 5012344.0904765)"
27039POTW03,Kasson WWTP,44.0480983429536,-92.73132715,VERTICAL,25.93133651,FT,2.119230747,FT,64.03131081,FT3/SEC,126.0547383,FALSE,NA,NA,521523.2002644177,4877250.125759064,270399501003,Dodge,"c(521523.200264418, 4877250.12575906)"
27045POTW12,Spring Valley WWTP,43.6905336,-92.3816879,VERTICAL,25.93133651,FT,2.119230747,FT,64.03131081,FT3/SEC,126.0547383,FALSE,NA,NA,549829.6064098459,4837687.752950709,270459603003,Fillmore,"c(549829.606409846, 4837687.75295071)"
27061POTW06,Grand Rapids WWTP,47.2157561140974,-93.50029233,VERTICAL,25.93133651,FT,2.119230747,FT,64.03131081,FT3/SEC,126.0547383,FALSE,NA,NA,462118.40726648545,5229262.139465705,270614808022,Itasca,"c(462118.407266485, 5229262.1394657)"
27045POTW10,Rushford WWTP,43.8062919,-91.7504223,VERTICAL,25.93133651,FT,2.119230747,FT,64.03131081,FT3/SEC,126.0547383,FALSE,NA,NA,600509.497595059,4851117.224939487,270459601002,Fillmore,"c(600509.497595059, 4851117.22493949)"
27045POTW11,Fountain WWTP,43.740810785321,-92.13679273,VERTICAL,25.93133651,FT,2.119230747,FT,64.03131081,FT3/SEC,126.0547383,FALSE,NA,NA,569507.5608787042,4843447.946377202,270459602001,Fillmore,"c(569507.560878704, 4843447.9463772)"
27073POTW01,Dawson WWTP,44.9316863853353,-96.04479392,VERTICAL,25.93133651,FT,2.119230747,FT,64.03131081,FT3/SEC,126.0547383,FALSE,NA,NA,259738.26170767975,4979872.560509159,270731803003,Lac Qui Parle,"c(259738.26170768, 4979872.56050916)"
27085POTW05,Winsted WWTP,44.9451061,-94.0406015,VERTICAL,25.93133651,FT,2.119230747,FT,64.03131081,FT3/SEC,126.0547383,FALSE,NA,NA,417906.3929540211,4977379.077142137,270859501002,McLeod,"c(417906.392954021, 4977379.07714214)"
27049POTW01,Goodhue WWTP,44.3998517,-92.6224752,VERTICAL,25.93133651,FT,2.119230747,FT,64.03131081,FT3/SEC,126.0547383,FALSE,NA,NA,530063.7062768405,4916354.347559273,270490804002,Goodhue,"c(530063.706276841, 4916354.34755927)"
27129POTW01,Renville WWTP,44.78737856,-95.21708462,VERTICAL,25.93133651,FT,2.119230747,FT,64.03131081,FT3/SEC,126.0547383,FALSE,NA,NA,324614.3682334857,4961722.409702086,271297904003,Renville,"c(324614.368233486, 4961722.40970209)"
27099POTW01,Adams WWTP,43.56402152,-92.72442544,VERTICAL,25.93133651,FT,2.119230747,FT,64.03131081,FT3/SEC,126.0547383,FALSE,NA,NA,522255.0906040434,4823488.409890979,270990013002,Mower,"c(522255.090604043, 4823488.40989098)"
27145POTW02,Melrose WWTP,45.6750552,-94.802452,VERTICAL,25.93133651,FT,2.119230747,FT,64.03131081,FT3/SEC,126.0547383,FALSE,NA,NA,359617.7412500819,5059524.8524636235,271450106002,Stearns,"c(359617.741250082, 5059524.85246362)"
27157POTW01,Lake City WWTP,44.4377836225205,-92.26154836,VERTICAL,25.93133651,FT,2.119230747,FT,64.03131081,FT3/SEC,126.0547383,FALSE,NA,NA,558767.6736336766,4920763.529887241,271574903002,Wabasha,"c(558767.673633677, 4920763.52988724)"
27169POTW02,Lewiston WWTP,43.9693365,-91.8839055,VERTICAL,25.93133651,FT,2.119230747,FT,64.03131081,FT3/SEC,126.0547383,FALSE,NA,NA,589528.1695808356,4869072.556194632,271696709002,Winona,"c(589528.169580836, 4869072.55619463)"
27061POTW02,Keewatin WWTP,47.3935123,-93.0704021,VERTICAL,25.93133651,FT,2.119230747,FT,64.03131081,FT3/SEC,126.0547383,FALSE,NA,NA,494687.06439578737,5248897.61641215,270614805003,Itasca,"c(494687.064395787, 5248897.61641215)"
27045POTW08,Ostrander WWTP,43.6202542,-92.4291498,VERTICAL,25.93133651,FT,2.119230747,FT,64.03131081,FT3/SEC,126.0547383,FALSE,NA,NA,546058.3435959362,4829855.009008097,270459603001,Fillmore,"c(546058.343595936, 4829855.0090081)"
27115POTW02,Hinckley WWTP,46.0237004,-92.9087736,VERTICAL,25.93133651,FT,2.119230747,FT,64.03131081,FT3/SEC,126.0547383,FALSE,NA,NA,507060.854539057,5096684.819555573,271159505001,Pine,"c(507060.854539057, 5096684.81955557)"
27129POTW04,Sacred Heart WWTP,44.7839884,-95.3460751,VERTICAL,25.93133651,FT,2.119230747,FT,64.03131081,FT3/SEC,126.0547383,FALSE,NA,NA,314399.4759006704,4961632.2238132795,271297903001,Renville,"c(314399.47590067, 4961632.22381328)"
27141POTW05,Clear Lake/Clearwater WWTP,45.41426011,-94.0240872,VERTICAL,25.93133651,FT,2.119230747,FT,64.03131081,FT3/SEC,126.0547383,FALSE,NA,NA,419870.0543521168,5029481.164193117,271410303005,Sherburne,"c(419870.054352117, 5029481.16419312)"
27137POTW01,Gilbert WWTP,47.4910750434224,-92.45901806,VERTICAL,25.93133651,FT,2.119230747,FT,64.03131081,FT3/SEC,126.0547383,FALSE,NA,NA,540750.0579934476,5259879.667403595,271370135003,Saint Louis,"c(540750.057993448, 5259879.66740359)"
27145POTW05,Richmond WWTP,45.4519562,-94.5247241,VERTICAL,25.93133651,FT,2.119230747,FT,64.03131081,FT3/SEC,126.0547383,FALSE,NA,NA,380777.117554111,5034289.663679467,271450111003,Stearns,"c(380777.117554111, 5034289.66367947)"
27171POTW04,Rockford WWTP,45.0949614700677,-93.73162343,VERTICAL,25.93133651,FT,2.119230747,FT,64.03131081,FT3/SEC,126.0547383,FALSE,NA,NA,442432.2141576896,4993759.83728705,271711009002,Wright,"c(442432.21415769, 4993759.83728705)"
27039POTW04,West Concord WWTP,44.1537721977521,-92.8971509,VERTICAL,25.93133651,FT,2.119230747,FT,64.03131081,FT3/SEC,126.0547383,FALSE,NA,NA,508224.5085654359,4888957.352690686,270399503001,Dodge,"c(508224.508565436, 4888957.35269069)"
27045POTW03,Wykoff WWTP,43.7069454,-92.2646094,VERTICAL,25.93133651,FT,2.119230747,FT,64.03131081,FT3/SEC,126.0547383,FALSE,NA,NA,559248.7904466018,4839587.483798501,270459602003,Fillmore,"c(559248.790446602, 4839587.4837985)"
27049POTW02,Kenyon WWTP,44.2786905,-92.9793302,VERTICAL,25.93133651,FT,2.119230747,FT,64.03131081,FT3/SEC,126.0547383,FALSE,NA,NA,501649.40611133445,4902827.346299472,270490807003,Goodhue,"c(501649.406111334, 4902827.34629947)"
27093POTW01,Grove City WWTP,45.1565348,-94.6809085,VERTICAL,25.93133651,FT,2.119230747,FT,64.03131081,FT3/SEC,126.0547383,FALSE,NA,NA,367879.9998270751,5001714.000833082,270935606001,Meeker,"c(367879.999827075, 5001714.00083308)"
27059POTW01,Cambridge WWTP,45.5666384,-93.2330938,VERTICAL,25.93133651,FT,2.119230747,FT,64.03131081,FT3/SEC,126.0547383,FALSE,NA,NA,481810.6226358942,5045926.30027896,270591303012,Isanti,"c(481810.622635894, 5045926.30027896)"
27109POTW03,Byron WWTP,44.0542399,-92.6420903,VERTICAL,25.93133651,FT,2.119230747,FT,64.03131081,FT3/SEC,126.0547383,FALSE,NA,NA,528668.9440180246,4877959.438854358,271090018001,Olmsted,"c(528668.944018025, 4877959.43885436)"
27141POTW01,Elk River WWTP,45.2996145,-93.5594068,VERTICAL,25.93133651,FT,2.119230747,FT,64.03131081,FT3/SEC,126.0547383,FALSE,NA,NA,456140.58200510417,5016386.841201787,271410305023,Sherburne,"c(456140.582005104, 5016386.84120179)"
27157POTW03,Mazeppa WWTP,44.2683441,-92.5492754,VERTICAL,25.93133651,FT,2.119230747,FT,64.03131081,FT3/SEC,126.0547383,FALSE,NA,NA,535973.1862335114,4901776.698026285,271574904003,Wabasha,"c(535973.186233511, 4901776.69802628)"
27169POTW05,Minnesota City WWTP,44.0921463,-91.7499051,VERTICAL,25.93133651,FT,2.119230747,FT,64.03131081,FT3/SEC,126.0547383,FALSE,NA,NA,600070.2653007035,4882867.078378513,271696701004,Winona,"c(600070.265300703, 4882867.07837851)"
27061POTW01,Marble WWTP,47.3191581226442,-93.29407791,VERTICAL,25.93133651,FT,2.119230747,FT,64.03131081,FT3/SEC,126.0547383,FALSE,NA,NA,477776.04851172504,5240673.915451163,270614810001,Itasca,"c(477776.048511725, 5240673.91545116)"
27045POTW09,Peterson WWTP,43.7874231,-91.8292142,VERTICAL,25.93133651,FT,2.119230747,FT,64.03131081,FT3/SEC,126.0547383,FALSE,NA,NA,594201.4915492685,4848928.888669703,270459601001,Fillmore,"c(594201.491549268, 4848928.8886697)"
